str_maKhachHang,str_hoTen,date_ngaySinh,str_diaChi,int_soDienThoai,str_email,bool_hangKhachHang,str_soTienDaGiaoDich,int_soLuongGiaoDich,date_ngayTaoTaiKhoan,int_diemTichLuy,str_soTienTietKiem,str_maGiaoDich,str_soTienThanhToan,arr_hanhKhachDiCung,date_ngayGiaoDich,bool_hinhThucThanhToan,bool_trangThaiThanhToan,str_tenChuyenDi,string_giaChuyenDi,str_giamGia,int_doDaiChuyenDi,arr_diaDiemThamQuan,date_ngayKhoiHanh,int_soLuongHanhKhach,str_thoiLuongChuyenDi,str_giaPhong,str_tenNoiO,str_moTa,str_danhGia,str_tenDiaDiem,str_tenPhuongTien,str_soLuongChoNgoi,str_donViCungCap
7f061c43-1108-494a-bbbf-1b91a046820a,Michael Gibson,1998-03-08,"66642 Brandy Junctions Apt. 855
Port Natasha, GA 63683",3766811923597,lowerydennis@example.com,False,807 USD,57,2023-11-13,3633,25744 USD,df642d6d-22b6-4bf1-81d8-6e25ff96a775,1112 USD,"{'Passenger_1': 'Helen Martin', 'Passenger_2': 'Rachel Patel', 'Passenger_3': 'Leroy Johnson', 'Passenger_4': 'George James'}",2016-07-09,Cash,True,Jessicamouth,617 USD,32%,3,"{'North Amanda': '37254 Kevin Lock Apt. 540\nWaynetown, MT 31740', 'Ashleymouth': '4490 Michael Camp Apt. 758\nBrownton, OR 46526', 'Lake Ashleytown': 'PSC 9647, Box 7434\nAPO AA 40332'}",2023-01-25,15,24 hours,244 USD,Little-Wilson,Able project now pick music everybody service. Soldier build western upon Mr part option. Mr west want station.,5 stars,Lewismouth,Nissan,7,Miles and Sons
7f061c43-1108-494a-bbbf-1b91a046820a,Nathaniel Wells,1970-05-10,"31545 Ashley Point Suite 788
South Kendraborough, OK 41260",3220926999840,patriciagaines@example.net,True,5702 USD,30,2023-08-26,3632,4970 USD,8617e236-a16f-4ea6-a43c-ea0234b688ff,419 USD,{'Passenger_1': 'Briana Johnson'},2020-03-12,Card,True,Hamptonbury,995 USD,15%,5,"{'Strongton': '497 Krista Views\nSantiagoville, MH 48707', 'New Andrewburgh': '397 Gabriel Center Apt. 463\nLake Edward, HI 91122'}",2023-04-03,24,1 hours,305 USD,Rice-Lopez,Knowledge activity buy many behavior product not small. Career trade increase describe month us commercial star. Magazine tree choice gun.,2 stars,West Adrianport,Chevrolet,2,Johnson-Bell
7f061c43-1108-494a-bbbf-1b91a046820a,Adam Montgomery,1996-02-04,"2613 Tracy Courts
South Wendy, NH 16916",4978160846593,croberts@example.org,True,6724 USD,30,2010-10-26,3048,33454 USD,43d9ac3f-8dd3-45ee-875b-6fc27d54e57d,1548 USD,"{'Passenger_1': 'Robert Hernandez', 'Passenger_2': 'Jeffrey Anthony', 'Passenger_3': 'Kevin Lopez'}",2023-07-30,Card,False,Johnsonville,1812 USD,40%,14,"{'South Jessicamouth': '837 Joseph Corner\nNew Kellyton, LA 32670', 'Bushfurt': '99676 Jose Alley Suite 282\nSandersshire, KS 51292', 'Brianfurt': '28505 Mclean Pines\nWest Kevin, KS 69218'}",2024-01-26,9,23 hours,308 USD,"Harris, Lee and Mckinney","Also relate they too activity power. Wear final actually could its that religious. Crime choose see major experience act management Republican.
His local save better ball. Again stock drug put.",5 stars,Jameschester,Audi,7,Smith-Green
7f061c43-1108-494a-bbbf-1b91a046820a,Christian Moore,1986-09-14,"USNV Anderson
FPO AA 92675",1882403112023,gonzalezcarla@example.org,True,2053 USD,49,2014-07-01,3850,14032 USD,1bf8b8ef-c8b7-4eb1-ba98-593760ecd726,2073 USD,"{'Passenger_1': 'Dr. Kenneth Johnson Jr.', 'Passenger_2': 'Danielle Bradley'}",2017-08-13,Cash,True,South Bradstad,908 USD,48%,7,"{'Brooksmouth': '81788 Joshua Plaza Apt. 909\nBernardville, WY 03352'}",2024-08-31,13,4 hours,327 USD,Hill PLC,"Source cover difference too assume goal. Experience daughter campaign seek foreign condition.
Personal responsibility on alone. Class believe suddenly degree item air. Suddenly theory new perform.",2 stars,South Rachel,Hyundai,2,Clark-Martin
7f061c43-1108-494a-bbbf-1b91a046820a,Omar Andrade,1978-06-17,"8691 Lawson Mount Suite 995
North Sarah, SC 97209",2950022045317,baileyjeffrey@example.org,False,5225 USD,7,2012-01-26,3635,4686 USD,d9bdff54-e71c-4c11-b238-90220d629932,2662 USD,"{'Passenger_1': 'Rebecca Jennings', 'Passenger_2': 'Paul Wong', 'Passenger_3': 'George Turner', 'Passenger_4': 'Nathan Foster'}",2016-11-29,Card,True,Garrisonville,1735 USD,27%,8,"{'Pamelamouth': '38258 Peter Highway\nLake Michaelfurt, MS 36278', 'Fischerton': '07552 Daniel Pass\nBrettbury, LA 59177'}",2024-11-21,29,16 hours,153 USD,"Hart, Lee and Figueroa","Letter piece unit start develop.
Place bring ago job. Draw him service hope before my. Color rich effort discover. Field truth compare.",2 stars,Williamstad,Honda,3,"Davis, Zimmerman and Thornton"
7f061c43-1108-494a-bbbf-1b91a046820a,Andrea Lowe,1993-07-27,"607 Stacy Bypass
Portertown, HI 32728",9989051152202,lsmith@example.net,False,2709 USD,52,2022-07-17,3964,20029 USD,73d49314-2709-4dce-a71b-01964a0dd781,1152 USD,{'Passenger_1': 'Mrs. Sarah Carpenter'},2018-03-23,Card,False,Hernandezburgh,1478 USD,37%,3,"{'Tranchester': '232 Ronnie Parkways\nChristopherfort, KY 74570', 'Rossfurt': '090 Bullock Wall Apt. 906\nEast Nicole, WV 46303'}",2024-08-25,11,15 hours,344 USD,Taylor and Sons,"Result vote center lot. Try message act.
Finally a share education serve. Even left respond majority produce local lot institution. Maintain become successful agent cultural.",2 stars,East Michelle,Nissan,2,Valdez-Roberts
7f061c43-1108-494a-bbbf-1b91a046820a,Ashley Garcia,1984-02-20,"160 Matthew Shoal
Robertview, MD 88773",6542271599809,angela01@example.org,True,9839 USD,54,2011-09-16,2931,8648 USD,72a3d701-030a-4d5a-8639-843e6c7273ef,2337 USD,"{'Passenger_1': 'Jenny Hodge', 'Passenger_2': 'Mr. Charles Martin Jr.'}",2016-06-04,Card,False,Lake Steven,1875 USD,11%,4,"{'Howellbury': '926 Whitehead Forges\nRyanburgh, MT 54617', 'Jenniferchester': '55085 Jerry Canyon Suite 113\nTyroneberg, GA 72371'}",2024-08-27,23,20 hours,359 USD,"Campbell, Roth and Price","Lot do suffer note. Sing whose institution Democrat.
Brother decide Republican artist speak community. Effort that debate about bank able. Open technology on Mrs piece social.",3 stars,Stevenburgh,Honda,6,Thompson Inc
7f061c43-1108-494a-bbbf-1b91a046820a,Lucas Miller,1973-10-14,"PSC 8476, Box 9021
APO AA 40509",9222036785146,michaelrodriguez@example.com,False,6466 USD,27,2010-05-10,3563,8098 USD,43dbf26d-451a-48b8-b559-6e79696c28fb,1331 USD,{'Passenger_1': 'Nancy Cabrera'},2019-12-02,Card,False,New Sarahmouth,1843 USD,45%,9,"{'Michelleton': 'USNV Coffey\nFPO AA 14689', 'New Kimberly': '0628 Caleb Terrace Apt. 756\nJustinberg, NE 65646', 'Lake Kyle': '550 Vazquez Forges Apt. 354\nRobertfurt, WV 40331'}",2024-08-06,16,15 hours,195 USD,Williams-Reyes,Manager into rule middle city minute. Community spend play movement its cut. Identify detail three care.,1 stars,West Veronicaview,Tesla,2,Norris-Sandoval
7f061c43-1108-494a-bbbf-1b91a046820a,Nicole Gates,1989-02-07,"456 Eric Summit Apt. 085
Reedhaven, MP 11028",5446357380600,jacksonkatherine@example.net,True,8867 USD,48,2018-07-17,1329,17478 USD,b93b2e78-c71d-4739-b319-b5005e5883a0,3241 USD,"{'Passenger_1': 'Hannah Rivera', 'Passenger_2': 'Melissa Garcia', 'Passenger_3': 'Travis Casey', 'Passenger_4': 'Raymond Maddox'}",2016-12-14,Card,False,North Stephenside,525 USD,46%,9,"{'New Kevin': '623 Crystal Vista Apt. 973\nDunlapbury, PA 14700', 'Justinview': '9512 Graham Spring\nNorth Joe, WV 27074', 'West Andrewfurt': '443 Duncan Extension Apt. 104\nNew Daniel, MH 49729'}",2024-04-16,35,17 hours,95 USD,Anderson Inc,"Toward candidate example lawyer center stuff despite. Man green public expert customer.
Floor other party kind. Air sit listen.
Reveal shoulder receive now. Long enter attorney power leader.",1 stars,Whitefurt,Audi,3,Hester Ltd
7f061c43-1108-494a-bbbf-1b91a046820a,John Lara,1988-07-31,"008 Anthony Rapids Apt. 841
Brewerborough, WI 13819",1784933155299,robert27@example.org,True,9264 USD,1,2014-01-03,1495,21812 USD,39a7c4f5-b157-44a4-aa1e-448c1ed3f861,2872 USD,{'Passenger_1': 'Brian Munoz'},2017-09-15,Cash,False,New William,1751 USD,43%,10,"{'Sandrastad': '8322 Finley Isle\nEast Erinbury, IL 28304', 'Rebeccashire': '278 Glenn Canyon\nHannahmouth, IA 38366', 'Tylerland': '744 Stanley Expressway Suite 902\nNorth Ashleyhaven, MN 21412'}",2024-04-20,5,21 hours,217 USD,Gomez Ltd,"Final require part color. When read participant direction.
Prepare over door she official especially test party. Care everyone government media.",2 stars,Rodriguezville,Mercedes,3,Miller-West
